Локус;Потомок
<<<<<<< HEAD
BM1818;262/262
BM1824;178/180
BM2113;125/127
CSRM60;102/102
CSSM66;189/193
CYP21;-
ETH10;217/219
ETH225;144/148
ETH3;127/129
ILSTS6;294/294
INRA023;202/206
RM067;-
SPS115;248/256
TGLA122;143/149
TGLA126;115/121
TGLA227;83/103
TGLA53;176/186
=======
BM1818;266/266
BM1824;180/188
BM2113;135/139
CSRM60;92/102
CSSM66;183/189
CYP21;-
ETH10;217/217
ETH225;148/150
ETH3;129/129
ILSTS6;288/288
INRA023;210/214
RM067;-
SPS115;248/256
TGLA122;143/161
TGLA126;115/115
TGLA227;91/97
TGLA53;162/176
>>>>>>> b579f9c494116be55a1a8456a3e631a9a479f99d
MGTG4B;-
SPS113;-
