;Имя;Номер;хозяйство;BM1818;BM1824;BM2113;CSRM60;CSSM66;CYP21;ETH10;ETH225;ETH3;ILSTS6;INRA023;RM067;SPS115;TGLA122;TGLA126;TGLA227;TGLA53;MGTG4B;SPS113
0;MAINSTREAM-ET;62997222;;262/266;188/188;127/135;-;-;198/200;219/219;148/150;117/117;-;210/210;90/92;248/248;149/171;117/119;81/91;184/186;135/151;147/147
1;TALBOT-ET;69207590;;262/262;188/188;125/135;-;-;194/194;219/223;150/150;117/125;-;206/210;92/92;248/248;143/149;117/121;89/97;160/162;141/153;141/151
2;АКСЕЛЕНХАНС;3129205493;Устюгмолоко;264/266;188/188;135/135;-;-;198/200;219/225;144/148;117/129;-;210/214;92/92;248/248;143/143;115/117;89/91;158/186;143/151;151/153
3;АКСЕЛОДИН;3130641794;Устюгмолоко;266/266;188/188;127/139;-;-;189/189;219/225;148/150;129/129;-;210/214;92/92;248/248;143/183;117/117;87/103;158/168;141/145;147/151
4;Алластар;72851690;;266/266;180/188;135/139;-;-;200/210;219/219;148/150;129/129;-;206/206;90/92;256/260;149/183;115/117;87/99;160/176;141/143;147/151
5;АльтаБрендон;69951912;;260/266;188/188;135/139;-;-;189/210;217/225;148/148;117/129;-;202/206;90/96;248/256;143/183;117/117;81/99;158/162;141/141;141/155
6;АльтаВормонт;3128713944;;266/266;188/188;125/139;-;-;198/200;209/223;148/150;117/117;-;202/214;90/92;248/248;163/163;115/123;89/91;158/158;135/141;147/153
7;АльтаГотем;538921530;;266/266;178/188;127/135;-;-;-;223/225;150/150;117/117;-;202/206;-;248/248;151/183;117/117;89/91;158/186;-;-
8;АльтаДом;139919013;;262/266;180/188;135/139;-;-;198/210;217/219;140/148;117/129;-;202/206;90/92;248/248;163/163;115/117;87/89;162/186;141/141;141/151
9;АльтаДОННИ;63031811;;262/262;188/188;125/127;-;-;187/194;219/223;148/150;117/129;-;210/214;92/96;248/252;149/149;115/117;83/97;168/184;141/149;141/143
10;АльтаКоби;3129128824;;266/266;180/188;127/135;-;-;189/198;219/223;148/148;129/129;-;202/210;92/92;248/248;143/143;117/117;89/103;158/160;141/145;151/151
11;АльтаЛегал;3010979794;;266/266;178/182;127/127;-;-;189/198;219/223;150/150;129/129;-;202/206;92/92;248/248;143/163;117/117;91/97;158/186;135/141;141/147
12;АльтаСкайкрест;70541411;;266/268;180/188;135/139;-;-;189/210;209/217;150/150;117/117;-;-;90/90;248/248;161/161;115/115;97/97;158/168;141/141;149/151
13;АльтаСУСТЭЙН;56541515;;266/266;180/188;125/135;-;-;189/208;225/225;146/148;117/117;-;210/214;92/94;248/248;149/151;115/115;97/103;158/160;141/141;147/151
14;АльтаТарнкей;3129128746;;262/266;188/188;127/139;-;-;189/198;223/225;150/150;117/129;-;210/214;92/92;252/260;143/183;117/117;87/89;158/160;135/145;141/147
15;АльтаФоник;68886414;;266/266;180/188;127/135;-;-;189/200;209/219;140/150;125/129;-;210/210;90/90;248/248;149/151;117/117;87/89;160/160;135/135;141/151
16;АльтаЦар;72189851;;262/262;188/188;125/127;-;-;187/198;217/223;150/152;125/129;-;206/206;90/92;248/248;163/171;117/121;89/91;158/186;135/141;141/147
17;АльтаЧЕКС;139245183;;262/262;180/188;127/135;-;-;189/189;219/219;140/152;117/129;-;206/210;92/96;248/256;143/163;117/117;97/97;154/168;141/153;141/151
18;АльтаШкода;69169948;;262/266;178/182;125/135;-;-;189/189;209/217;150/152;117/129;-;202/214;92/96;248/248;149/183;115/121;97/97;168/176;143/149;141/151
19;АльтаЭВЕРГЛЕЙД;3006559787;;262/262;178/188;127/135;-;-;189/189;213/219;148/150;117/129;-;206/214;92/92;248/256;143/183;115/117;91/91;158/186;135/149;141/151
20;Амадеус;73953374;;266/270;188/188;125/127;-;-;189/189;217/219;148/150;117/129;-;206/210;90/90;248/260;163/171;115/117;89/91;160/168;141/141;141/153
21;Амбассадор;3126539693;"АО Племзавод ""ЗАРЯ""";266/266;178/188;125/127;-;-;187/198;219/223;140/148;117/129;-;206/214;90/102;248/252;163/183;115/117;99/103;162/168;135/143;147/151
22;Ансвер;12652449;Устюгмолоко;262/262;180/180;135/137;-;-;-;209/223;148/150;117/129;-;202/210;-;248/248;143/161;115/117;89/91;160/184;-;-
23;АРРИК;66625990;;266/266;188/190;135/135;-;-;189/198;209/219;148/150;117/129;-;202/206;90/92;248/254;149/183;115/117;89/89;160/186;141/141;151/151
24;Аурелиан;69314958;;262/266;188/188;135/139;-;-;189/198;209/223;148/148;117/129;-;206/214;90/92;248/248;149/163;115/117;89/97;186/186;135/141;141/151
25;Балист;3372307737;;-;188/188;125/127;-;-;-;219/225;148/148;127/129;-;206/210;-;248/252;149/163;115/115;91/97;162/168;-;-
26;Бейонд;74260987;"АО Племзавод ""ЗАРЯ""";262/262;180/188;137/139;-;-;187/189;223/223;140/148;117/117;-;210/214;92/92;252/256;143/149;115/117;87/97;158/186;135/141;141/151
27;БИГГИО;3008328663;Устюгмолоко;266/266;178/180;135/135;-;-;198/210;219/219;144/150;117/129;-;202/202;92/92;248/252;183/183;115/117;89/89;158/162;141/145;147/151
28;Блэк Джэк;3129037702;;266/266;178/182;127/139;-;-;189/210;219/223;150/150;117/125;-;206/214;92/92;248/252;161/163;115/115;97/99;158/168;141/145;141/151
29;Бойз;3135245589;Устюгмолоко;262/266;178/188;135/135;-;-;187/194;217/217;150/152;129/129;-;202/202;92/94;248/252;163/163;115/117;97/97;168/168;135/149;141/153
30;В.Пеннимейкер;61757559;;262/264;178/182;135/139;-;-;189/189;213/213;148/150;127/129;-;206/210;92/94;252/254;149/183;117/123;97/97;160/184;141//141;151/151
31;Версаль;5442;;262/266;188/188;127/135;-;-;-;219/219;148/148;129/129;-;202/214;-;248/248;163/163;117/117;83/89;162/186;-;-
32;ГРИНДЕЙ;71518736;;266/266;178/188;135/137;-;-;189/189;217/225;148/150;117/129;-;210/214;92/94;248/254;149/161;115/115;89/89;176/176;141/141;147/153
33;Гудвин;1741;;260/268;178/188;125/127;98/102;189/193;-;217/219;146/150;117/127;294/294;210/214;-;-;161/183;115/115;89/91;160/160;-;-
34;Даггер;3013071694;;266/270;178/178;139/139;-;-;189/198;219/223;148/150;117/129;-;206/214;-;248/252;143/149;115/117;87/89;158/168;141/145;141/153
35;Даймон;66962253;;262/262;180/188;125/139;-;-;189/189;219/219;148/152;127/129;-;214/214;92/92;248/248;149/149;115/117;99/103;160/162;141/151;141/151
36;ДЕДЛАЙН;69360499;;262/266;178/180;127/135;-;-;189/198;223/225;148/148;117/129;-;202/206;90/92;248/256;163/183;115/117;87/89;162/186;141/141;141/151
37;Джанго;70271449;;262/266;178/188;125/125;-;-;189/198;219/223;148/150;117/129;-;210/210;92/102;248/260;143/183;117/117;91/97;160/186;135/145;147/155
38;Джастин;4240504592;;262/266;178/178;127/127;-;-;-;219/223;148/148;-;-;206/210;-;248/252;151/163;115/117;89/91;160/186;-;-
39;Джевел;11940271;;262/268;182/188;125/139;-;-;-;219/219;146/148;117/129;-;206/214;-;248/248;151/161;115/117;89/93;160/176;-;-
40;Джиттербаг;70541469;;266/270;178/180;127/135;-;-;189/200;219/219;148/148;117/129;-;202/206;92/96;248/248;143/183;117/117;89/97;158/160;141/145;147/151
41;Дирижёр;866;"СХПК ""Присухонское""";262/266;182/182;135/137;-;-;-;219/219;148/148;-;-;206/214;-;248/252;143/183;115/121;97/97;168/168;-;-
42;Дугу;69716524;;262/266;178/180;127/135;-;-;189/198;223/223;148/150;117/127;-;202/214;92/92;248/252;143/163;117/117;91/97;162/176;145/149;141/147
43;Зингер;92939;Устюгмолоко;-;180/182;135/135;-;-;-;213/219;140/148;117/127;-;214/214;-;248/248;143/149;115/117;97/97;162/186;-;-
44;Знатный;3711503747;"Устюгмолоко, АО Племзавод ""ЗАРЯ""";-;178/178;125/135;-;-;-;209/219;140/148;117/121;-;206/210;-;252/256;143/151;115/121;89/97;162/172;-;-
45;ИНСИСТ;69654795;;262/266;180/188;127/135;-;-;187/200;217/225;148/150;117/129;-;210/210;90/92;248/248;143/183;117/117;87/89;158/158;143/149;147/151
46;Интендант;831337;;262/262;178/182;125/139;-;-;-;213/219;140/150;-;-;206/210;-;248/252;143/163;115/117;81/91;186/186;-;-
47;Кабриолет;69560690;;266/266;178/182;127/135;-;-;189/198;219/223;148/148;117/117;-;202/214;90/92;248/252;143/149;115/117;89/99;158/162;141/145;141/151
48;Канзас;869443437;;266/266;188/188;125/139;92/102;189/189;-;209/225;144/148;129/129;-;206/210;-;248/248;161/163;115/117;89/89;160/160;-;-
49;Кантри;11491733;;262/266;178/188;135/135;-;-;-;219/225;148/148;117/115;-;206/210;-;248/248;151/183;115/117;89/89;160/160;-;-
50;Кефир;227;"СХПК ""Присухонское""";262/262;180/188;127/139;-;-;-;225/225;142/150;-;-;210/214;-;248/248;163/183;117/117;83/97;162/176;-;-
51;Клад;3124;;262/264;180/188;125/135;-;-;-;217/219;148/148;-;-;202/210;-;248/252;149/149;115/117;-;-;-;-
52;Клейк;11471420;Устюгмолоко;266/266;178/178;125/127;-;-;-;209/223;148/150;117/129;-;200/202;-;248/252;146/161;117/117;81/91;160/168;-;-
53;Климат;4931;;262/266;178/178;125/135;-;-;-;213/219;148/150;-;-;-;-;248/248;149/173;115/119;91/103;-;-;-
54;Колюд;73709027;Устюгмолоко;262/262  ;180/188  ;125/135  ;-;-;189/198;219/223  ;148/150  ;117/129  ;-;202/206  ;92/92  ;252/260  ;143/149  ;115/117  ;91/97  ;162/176  ;135/141  ;141/151  
55;Круз;70193024;;262/266;188/188;135/139;-;-;200/210;209/219;144/148;117/129;-;210/214;92/92;248/248;143/183;117/117;97/103;162/168;135/143;151/155
56;Куратор;14244;"СХПК ""Присухонское""";262/266;180/182;127/127;-;-;-;219/219;150/150;-;-;206/210;-;248/256;171/183;115/117  ;89/97;160/162;-;-
57;Лайм;60650;Устюгмолоко;-;180/188;127/127;-;-;-;213/219;148/150;125/129;-;206/214;-;248/252;143/149;115/115;87/89;160/176;-;-
58;Ландер;3372306913;;266/266;180/188;125/127;-;-;-;209/219;150/150;117/129;-;202/214;-;248/252;143/163;117/121;89/91;160/162;-;-
59;Леду;3124651498;;262/262;188/188;125/127;-;-;189/189;219/223;148/148;117/117;-;202/206;90/92;248/252;143/163;117/121;91/97;158/168;135/135;151/151
60;ЛЕНДШАРК;72053383;Устюгмолоко;266/266;188/188;125/135;-;-;189/200;219/225;144/150;129/129;-;210/214;92/96;248/248;143/183;115/123;87/97;160/162;141/141;141/151
61;Ленокс;71624085;;262/262  ;188/188  ;135/137  ;-;-;187/189;217/217  ;148/148;117/129  ;-;202/206  ;90/94  ;248/248  ;149/173  ;115/117  ;89/97  ;158/160;149/151;151/153  
62;Ликорис;71277358;;262/266;180/180;125/135;-;-;187/200;217/219;148/148;117/129;-;206/214;92/102;248/248;149/163;117/123;91/91;162/168;135/149;151/153
63;Лунди;3012147937;Устюгмолоко;262/266;180/188;139/139;-;-;189/198;219/223;148/150;117/129;-;202/214;92/92;252/252;151/163;115/117;89/89;158/162;135/141;141/147
64;Майкес;3135002113;;262/264;178/180;125/135;102/102;185/189;-;-;148/150;117/129;-;206/210;-;252/256;143/151;115/117;89/97;160/176;-;-
65;МАКСФЛИ 13243;3130010488;Устюгмолоко;266/266;178/188;125/135;-;-;200/210;225/225;148/150;117/117;-;200/214;90/90;248/252;143/151;115/117;81/89;184/186;135/141;151/155
66;Медоф;168;Устюгмолоко;266/266;178/188;135/135;-;-;-;219/223;148/148;-;-;206/214;-;248/256;149/183;117/119;79/89;160/176;-;-
67;Мемори-М;54215651;;266/266;178/188;127/139;-;-;-;209/217;150/150;-;-;202/210;-;248/248;149/161;115/117;89/91;158/160;-;-
68;Ментол;3127565622;Устюгмолоко;262/266;188/188;135/135;-;-;189/198;209/225;144/150;117/117;-;202/214;92/92;248/260;163/163;117/117;87/97;158/168;135/145;147/151
69;Микки;3125479421;"АО Племзавод ""ЗАРЯ""";262/266;182/188;135/137;-;-;189/198;217/223;148/148;117/125;-;202/214;92/102;248/248;143/183;115/117;89/91;162/184;135/141;147/147
70;Миллс;3011639742;;262/266;178/188;125/135;-;-;189/189;209/209;150/150;117/129;-;202/214;92/102;248/248;143/163;115/117;89/89;158/162;135/141;151/153
71;Милорд;;;262/266;-;127/135;-;-;-;217/219;148/148;-;297/299;-;-;-;143/165;115/125;-;-;135/141;141/151
72;Милорд;417;;262/266;188/188;127/135;-;-;-;217/219;148/148;-;-;206/210;-;248/254;143/163;115/117;91/97;-;-;-
73;Мистикал;3014558913;;262/266;188/188;135/139;-;-;189/189;209/219;148/150;117/125;-;206/214;92/92;248/248;151/183;117/117;89/91;160/168;135/141;141/151
74;Мишрет;106070030;;264/266;182/188;135/137;-;-;-;217/217;-;-;-;206/210;-;252/254;143/161;115/115;97/97;-;-;-
75;МОДЖО;3008897653;;262/266;180/188;125/135;-;-;189/200;219/223;148/150;117/129;-;210/214;92/92;248/248;149/163;117/117;91/97;160/184;135/145;151/155
76;МОКА 1322;69990286;Устюгмолоко;262/266;180/188;125/127;-;-;187/189;213/217;148/150;125/129;-;206/214;92/96;248/260;149/163;117/123;87/91;168/176;141/149;141/151
77;Монреаль;12021533;Устюгмолоко;262/262;188/188;125/127;-;-;-;217/225;150/152;-;-;210/214;-;248/248;163/163;115/117;89/89;160/176;-;-
78;Мореас;4240504570;Устюгмолоко;-;178/178;125/135;-;-;-;219/223;140/150;117/129;-;206/206;-;-;143/143;115/121;89/97;160/160;-;248/248
79;Мрамор;484;;262/266;188/188;127/135;-;-;-;219/225;144/152;-;-;210/210;-;248/248;141/163;115/117;97/97;160/162;-;-
80;МУКИ;71090714;Устюгмолоко;262/262;178/180;125/127;-;-;187/189;209/217;148/150;117/129;-;206/214;90/92;248/252;151/163;115/117;91/97;168/186;135/141;151/151
81;Мультиплай;3009554529;Устюгмолоко;262/266;178/178;125/125;-;-;189/200;209/219;148/150;129/129;-;202/210;92/92;248/260;143/143;117/117;91/91;158/186;135/145;147/155
82;Мунрэйкер;72246370;;262/266  ;178/178  ;125/137  ;-;-;189/198;209/209  ;150/152  ;125/129;-;206/206  ;92/92  ;248/260  ;151/163  ;115/117  ;89/97  ;154/186  ;135/141  ;141/151  
83;Мурано-М;120858088;"СХПК ""Присухонское""";262/266;178/188;125/135;92/102;-;-;209/225;150/150;129/129;-;202/210;-;248/248;161/163;115/117;89/91;160/186;-;-
84;Мэд Макс;72013148;;266/266;178/178;135/135;-;-;189/189;217/219;148/148;117/129;-;206/206;92/94;248/252;149/149;115/117;91/97;162/186;135/135;141/151
85;Нектар;215;;264/264;180/182;129/129;-;-;-;221/227;150/150;-;299/299;0/0;-;254/254;143/143;121/123;99/99;-;-;-
86;О-Беннет;139575118;;262/266;178/188;125/125;-;-;189/200;219/223;148/150;117/129;-;206/210;92/92;248/252;143/149;121/121;97/97;158/168;149/151;147/151
87;Одиссей;974;;-;178/188;125/135;-;-;-;209/219;150/150;117/117;-;202/214;-;248/252;151/171;117/123;89/91;160/160;-;-
88;Олаф;73192005;;264/266  ;188/188  ;127/139  ;-;-;189/200;219/223  ;150/150  ;117/129  ;-;202/214  ;90/94  ;248/248  ;151/151  ;117/117  ;91/97  ;158/160  ;135/141  ;155/155  
89;Омар-М;467825668;;262/266;180/182;127/135;-;-;-;217/219;148/150;-;-;206/210;-;248/256;143/143;117/121;79/103;-;-;-
90;Орфей;3371;;266/270;178/188;127/217;92/102;185/189;-;219/219;140/150;127/129;292/294;210/214;-;248/260;149/183;115/117;89/91;160/160;-;-
91;РАУНДРОК;3131306808;;262/262;178/188;125/135;-;-;187/189;209/223;148/150;117/117;-;210/210;90/92;248/256;149/163;115/117;91/91;160/168;135/145;147/151
92;Ренигейд;3011816312;;262/266;188/188;125/139;-;-;187/189;217/219;144/150;127/129;-;206/214;92/96;248/254;151/163;117/123;89/97;158/160;135/141;143/151
93;Роксет;11720490;Устюгмолоко;262/266;188/188;125/125;-;-;-;219/225;146/150;117/129;-;202/206;-;252/260;161/163;115/117;91/97;160/168;-;-
94;РЭЙНОР 218;3012584793;Устюгмолоко;266/266;178/188;135/135;-;-;198/200;209/209;150/152;117/117;-;206/210;92/92;248/248;151/183;115/115;87/89;158/176;135/145;141/147
95;Сальвино;71921994;;262/270;180/188;127/139;-;-;187/198;213/219;150/150;117/129;-;210/214;90/98;248/256;183/183;115/117;91/103;160/186;141/141;151/151
96;Севедж;4109205804;"АО Племзавод ""ЗАРЯ""";262/270;178/188;125/139;-;-;-;209/219;140/148;117/117;-;206/214;-;248/248;163/183;115/117;89/97;160/184;-;-
97;Смирный;5477;Устюгмолоко;262/262;178/188;135/135;-;-;-;219/225;140/146;117/119;-;202/206;-;248/248;143/163;117/117;89/89;166/176;-;-
98;Снежок;3740;;262/262;178/178;135/135;98/102;185/189;-;219/225;148/150;117/129;288/292;206/210;-;248/248;149/153;117/117;83/97;160/162;-;-
99;Собески;65801592;;262/262;178/180;135/135;-;-;189/189;219/219;140/152;117/129;-;206/214;90/92;248/252;163/183;115/123;87/89;160/186;135/141;141/147
100;Соутленд Ликуид;870273946;;264/266;188/188;139/139;96/102;189/189;-;217/219;144/150;127/127;-;202/202;-;248/248;149/163;117/117;89/91;160/162;-;-
101;Сэмпсон;71922147;;262/266;178/180;127/135;-;-;189/210;219/223;148/150;117/117;-;214/214;92/98;248/256;163/183;115/123;89/103;-;141/145;147/151
102;Техно;3130010384;;262/266;178/178;125/139;-;-;189/200;223/223;148/150;117/117;-;202/214;92/92;252/252;163/183;115/117;89/91;158/162;135/141;151/151
103;Тибо;71922072;;266/266;178/178;125/135;-;-;189/200;219/223;148/150;129/129;-;210/214;-;248/252;143/163;117/117;89/89;158/168;135/151;141/147
104;Тор;69701703;;266/266;188/188;127/127;-;-;189/189;217/219;140/150;129/129;-;206/210;90/92;248/248;143/151;115/117;81/89;160/168;141/141;141/151
105;Торн;56438534;;262/262;178/188;125/125;-;-;189/198;209/219;148/150;129/129;-;210/210;90/92;248/260;163/183;117/121;91/99;162/186;135/141;141/147
106;Трубач;174;;262/262;178/178;127/135;-;-;-;217/219;140/148;-;-;206/210;-;248/252;149/149;117/117;89/97;-;-;-
107;Туман;5697;;262/262;180/188;125/135;100/102;185/189;-;213/219;148/150;117/127;288/294;210/210;-;248/252;149/171;115/117;87/91;162/168;-;-
108;ФЕИРФАКС;3011611105;Устюгмолоко;262/262;178/188;127/139;-;-;198/200;213/223;148/150;117/129;-;206/210;92/92;248/260;163/163;115/117;89/89;168/168;135/135;147/151
109;Фокс;3,41E+11;Устюгмолоко;262/0;180/188;135/139;96/102;185/189;-;219/0;140/0;117/129;292/294;210/214;-;-;143/163;117/0;87/89;160/162;-;-
110;ХЕЛ 12048;3013614185;Устюгмолоко;262/266;178/188;127/137;-;-;187/198;209/209;146/150;117/129;-;202/210;92/96;248/248;143/161;115/119;89/91;160/162;135/141;147/151
111;Циркач;735;;262/264;-;133/137;-;-;-;219/219;150/150;-;-;0/210;-;244/248;-;115/119;87/91;-;-;-
112;Чародей;3386;;-;188/188;127/127;-;-;-;219/225;150/150;127/129;-;210/214;-;252/260;151/183;115/117;81/83;162/176;-;-
113;Шафран;3372307546;"Устюгмолоко, СХПК ""Присухонское""";-;188/190;125/127;-;-;-;213/219;148/152;117/129;-;206/214;-;248/256;163/163;117/117;87/91;160/186;-;-
114;Эверест;12021476;Устюгмолоко;266/268;188/188;135/135;-;-;-;219/225;140/150;129/129;-;214/214;-;248/248;143/149;115/117;-;158/158;-;-
115;Эклибрис;3372307657;"Устюгмолоко, АО Племзавод ""ЗАРЯ""";262/262;180/188;125/127;-;-;-;219/223;148/148;117/125;-;210/214;-;248/248;143/161;115/115;89/99;160/160;-;-
116;Элдридж;3135245753;"АО Племзавод ""ЗАРЯ""";262/266;178/188;135/139;-;-;198/198;225/225;148/150;117/117;-;202/202;92/96;248/248;143/163;117/117;89/89;158/162;135/135;151/153
117;Эмеральд;71451872;;262/266;188/188;125/135;-;-;189/189;219/223;150/150;117/129;-;210/210;90/90;248/248;143/163;115/117;89/91;162/168;141/149;147/155
118;Юник;69716820;;262/270;188/188  ;125/127  ;-;-;189/189;217/219  ;140/144  ;117/127  ;-;206/210  ;92/92  ;248/258  ;143/163  ;115/117  ;83/89;160/168;141/151  ;141/151  
119;Юху;69912694;;262/266;178/182;125/135;-;-;198/198;219/219;148/148;117/117;-;202/210;90/92;252/256;143/149;117/117;83/89;162/176;135/145;147/147
120;Кристл;11940263;Устюгмолоко;262/266;182/188;135/139;-;-;-;213/219;148/150;117/129;-;206/114;-;248/248;143/161;117/117;89/91;176/176;-;-
121;Лавр;976;Устюгмолоко;-;182/188;125/137;-;-;-;217/219;148/148;117/127;-;-;-;-;149/183;-;-;162/162;-;-
122;Лайм;60650;Устюгмолоко;-;180/188;127/127;-;-;-;213/219;148/150;125/129;-;206/214;-;248/252;143/149;115/115;87/89;160/176;-;-
123;Смирный;5477;Устюгмолоко;262/262;178/188;135/135;-;-;-;219/225;-;117/119;-;202/206;-;248/248;143/163;-;89/89;-;-;-
124;Гусар;363;Устюгмолоко;262/266;178/182;127/135;-;-;-;219/219;148/150;-;-;-;-;-;-;248/248;-;117/123;83/91;-
125;Дебют;10480;Устюгмолоко;-;178/182;127/137 ;-;-;-;213/219;140/148;-;-;-;-;-;-;248/248;161/183;115/123;-;0/0
126;Стинол;867;Устюгмолоко;-;-;127/137;-;-;-;-;146/148;-;-;-;-;-;-;250/256;149/165;121/123;81/81;-
127;Кафель;1166;Устюгмолоко;262/266;182/188;127/137;-;-;-;213/219;148/150;-;-;200/210;-;248/248;143/163;117/117;89/89;160/170;-;-
128;Орфей;10269;Устюгмолоко;266/266;188/188;135/137;-;-;-;219/219;140/148;-;-;202/214;-;248/256;149/151;115/121;89/99;158/166;-;-
129;Валуй;1350;Устюгмолоко;262/266;178/182;125/125;-;-;-;219/221;140/150;-;-;206/210;-;252/254;143/149;115/121;81/93;160/162;-;-
130;Адам;1504;Устюгмолоко;266/266;180/188;127/127;-;-;-;217/223;140/148;-;-;202/202;-;248/248;143/171;121/121;83/89;160/166;-;-
131;Август;536817926;Устюгмолоко;262/266;180/188;135/135;-;-;-;209/225;148/150;-;-;202/210;-;248/252;163/163;115/117;89/89;160/184;-;-
132;Метку 981;16;Устюгмолоко;266/266;178/188;125/125;-;-;-;209/219;148/148;-;-;210/214;-;248/256;151/171;121/121;83/87;158/166;-;-
133;Бэтман;107966011;Устюгмолоко;262/264;188/188;135/139;-;-;-;217/225;140/148;-;-;210/210;-;248/248;151/183;115/117;83/97;158/184;-;-
134;Усмо;10677430;Устюгмолоко;266/266;180/182;133/137;-;-;-;215/223;142/150;-;-;206/214;-;248/248;147/151;115/117;81/91;160/160;-;-
135;Юджин;10707843;Устюгмолоко;266/270;178/182;135/139;-;-;-;213/215;142/150;-;-;206/214;-;248/254;141/161;115/115;85/97;160/166;-;-
136;Колорадо;106936987;Устюгмолоко;262/266;180/188;127/135;-;-;-;213/221;144/150;-;-;200/206;-;252/252;141/143;115/121;87/87;166/166;-;-
137;Сириус;45;Устюгмолоко;264/266;180/182;125/135;-;-;-;219/219;148/150;-;-;206/208;-;248/256;163/163;115/117;81/91;154/166;-;-
138;Багет;284;Устюгмолоко;262/262;178/180;125/139;-;-;-;217/219;148/152;-;-;200/214;-;248/248;149/163;117/117;89/97;160/168;-;-
139;Ретиремент;11720463;Устюгмолоко;262/268;188/188;127/135;-;-;-;217/225;144/150;-;-;202/206;-;248/248;161/161;115/115;89/89;160/162;-;-
140;Умка;532;Устюгмолоко;266/270;178/188;133/133;-;-;-;215/221;142/150;-;-;200/214;-;248/254;141/143;115/117;91/91;168/170;-;-
141;Рекрут;7149;Устюгмолоко;266/270;178/188;127/127;-;-;-;213/213;144/152;-;-;200/214;-;254/254;141/143;115/121;81/87;164/166;-;-
142;Лорди;47463;Устюгмолоко;266/266;178/180;135/137;-;-;-;219/219;142/150;-;-;200/214;-;248/248;143/161;115/117;77/89;160/170;-;-
143;Джалмари;47643;Устюгмолоко;264/266;180/180;127/139;-;-;-;215/219;146/148;-;-;206/214;-;248/254;143/151;115/115;83/91;160/168;-;-
144;Айксаэр;107966005;Устюгмолоко;262/266;188/188;135/139;-;-;-;219/223;140/148;-;-;202/210;-;248/248;143/183;117/117;89/89;154/184;-;-
145;Микси;98117;Устюгмолоко;262/266;178/188;135/139;-;-;-;217/219;140/144;-;-;206/210;-;248/260;143/163;121/123;93/97;154/168;-;-
146;Морко;98114;Устюгмолоко;266/266;178/188;139/139;-;-;-;219/219;140/148;-;-;202/206;-;254/256;143/183;115/117;81/97;160/176;-;-
147;Милджарди;98115;Устюгмолоко;262/264;180/180;125/135;-;-;-;219/219;148/148;-;-;206/214;-;248/260;149/149;123/123;81/97;162/186;-;-
148;Д.О.Дамиро;715952276;Устюгмолоко;262/266;180/188;127/135;-;-;-;209/217;148/148;-;-;202/214;-;248/248;143/149;117/117;89/91;154/158;-;-
149;Венериг;689554985;Устюгмолоко;266/266;188/188;127/135;-;-;-;209/217;148/150;-;-;206/210;-;248/256;143/183;115/117;87/89;168/168;-;-
150;Фиппо;539782187;Устюгмолоко;262/264;188/188;127/127;-;-;-;219/225;148/148;-;-;202/214;-;248/252;143/183;115/117;91/97;160/184;-;-
151;Микадо;539273167;Устюгмолоко;262/266;178/188;125/135;-;-;-;225/225;146/150;-;-;202/206;-;248/248;143/161;115/117;91/91;154/158;-;-
152;Акс;770598976;Устюгмолоко;262/266;188/188;127/127;-;-;-;209/223;150/150;-;-;214/214;-;248/252;149/163;117/121;89/89;158/168;-;-
153;Лаутастар;106739810;Устюгмолоко;264/268;180/180;125/127;-;-;-;217/219;148/148;-;-;210/210;-;248/256;149/161;115/117;87/91;162/162;-;-
154;Лоскжно;107359040;Устюгмолоко;262/266;178/178;135/135;-;-;-;217/217;114/146;-;-;202/210;-;248/248;143/161;117/119;89/89;160/162;-;-
155;Хром;1387;Устюгмолоко;262/264;182/188;127/135;-;-;-;219/219;142/150;-;-;210/210;-;248/252;163/171;115/123;91/97;160/162;-;-
156;Том;200;Устюгмолоко;262/266;182/188;133/135;-;-;-;217/217;140/148;-;-;206/214;-;248/256;143/149;115/117;87/97;162/168;-;-
157;Стэтсон;108676086;Устюгмолоко;260/268;178/182;139/139;-;-;-;213/213;144/148;-;-;206/214;-;248/254;151/183;115/115;89/91;166/166;-;-
158;Аромат;111;Устюгмолоко;266/270;178/178;127/139;-;-;-;219/221;144/144;-;-;214/214;-;248/248;143/143;117/121;91/97;166/168;-;-
159;Мистраль;486;Устюгмолоко;262/266;178/180;135/137;-;-;-;213/215;140/142;-;-;206/214;-;248/252;143/151;117/121;89/89;166/166;-;-
160;Боно;11397813;Устюгмолоко;262/268;188/188;125/125;-;-;-;217/217;148/150;-;-;210/214;-;248/260;149/161;115/117;83/91;162/176;-;-
161;Виктор;354165798;Устюгмолоко;266/268;178/180;125/127;-;-;-;217/217;148/148;-;-;206/214;-;248/248;149/163;117/123;87/91;158/160;-;-
162;Супер;354049631;Устюгмолоко;266/266;188/188;125/135;-;-;-;213/223;148/150;117/117;-;202/214;-;248/252;143/149;-;97/97;-;-;-
163;Сноу;11218183;Устюгмолоко;262/266;188/188;135/135;-;-;-;209/225;140/150;-;-;202/214;-;248/248;143/183;-;87/97;-;-;-
164;Рейн;353902582;Устюгмолоко;266/266;188/188;125/135;-;-;-;213/223;148/150;-;-;202/214;-;248/252;143/149;-;97/97;-;-;-
165;Десерт;50;Устюгмолоко;262/266;178/182;127/137;-;-;-;219/219;140/148;-;-;206/210;-;248/254;163/163;-;81/87;-;-;-
166;Виктор;354165198;Устюгмолоко;266/268;178/180;125/127;-;-;-;217/217;148/148;-;-;206/214;-;248/248;149/163;-;87/91;-;-;-
167;Чадвик;11011994;Устюгмолоко;262/268;182/188;135/139;-;-;-;219/225;148/148;-;-;206/214;-;248/252;149/161;-;89/93;-;-;-
168;Лоскано;107359040;Устюгмолоко;262/266;178/178;135/135;-;-;-;217/217;140/146;-;-;202/210;-;248/248;143/161;-;89/89;-;-;-
169;Линэман;11447907;Устюгмолоко;268/268;180/188;125/125;-;-;-;225/225;148/148;-;-;206/214;-;252/254;143/149;-;89/97;-;-;-
170;Ретиремент;;Устюгмолоко;262/268;188/188;127/135;-;-;-;217/225;144/150;-;-;202/206;-;248/248;161/161;-;89/89;-;-;-
171;БАЗЗАРД;3141495559;"АО Племзавод ""ЗАРЯ""";262/266;178/180;125/139;-;-;187/210;223/225;140/150;129/129;-;202/206;92/92;248/260;143/163;117/117;89/91;162/184;145/151;141/155
172;РОРИ;3138510972;"АО Племзавод ""ЗАРЯ""";262/266;182/188;125/135;-;-;189/210;217/219;148/148;129/129;-;202/206;92/92;248/248;163/163;117/117;89/97;160/184;141/149;147/151
173;МЭПКВЕСТ;3138766797;"АО Племзавод ""ЗАРЯ""";264/266;188/188;127/139;-;-;198/200;209/217;150/150;117/129;-;214/214;90/92;248/248;143/171;115/117;91/97;176/186;135/141;147/151
174;Спектр;3130010295;"АО Племзавод ""ЗАРЯ""";262/266;188/188;125/127;-;-;189/198;223/225;148/150;117/129;-;214/214;90/92;252/252;143/163;115/117;91/91;162/186;135/141;147/151
175;ХЭППЕНИНГ;72352788;"АО Племзавод ""ЗАРЯ""";262/264;178/188;127/127;-;-;198/200;209/217;148/150;129/129;-;206/206;92/92;248/260;163/171;117/121;97/103;158/186;141/143;151/151
