;0;1;2;3;4;5;6;7;8;9;10;11;12;13;14;15;16;17;18;19;20;21;22;23;24;25;26;27;28;29;30;31;32;33;34;35;36;37;38;39;40;41;42;43;44;45;46;47;48;49;50;51;52;53;54;55;56;57;58;59;60;61;62;63;64;65;66;67;68;69;70;71;72;73;74;75;76;77;78;79;80;81;82;83;84;85
index;11;48;85;122;159;196;233;270;307;344;381;418;455;492;529;566;603;640;677;714;751;788;825;862;899;936;973;1010;1047;1084;1121;1158;1195;1232;1269;1306;1343;1380;1417;1454;1491;1528;1565;1602;1639;1676;1713;1750;1787;1824;1861;1898;1935;1972;2009;2046;2083;2120;2157;2194;2231;2268;2305;2342;2379;2416;2453;2490;2527;2564;2601;2638;2675;2712;2749;2786;2823;2860;2897;2934;2971;3008;3045;3082;3119;3156
name;;;;;;;;;;;;;;;;;;;;;;;;;;;;;;;;;;;;;;;;;;;;;;;;;;;;;;;;;;;;;;;;;;;;;;;;;;;;;;;;;;;;;;
numer;6446;6412;6409;6407;6414;6311;6357;6359;6386;6365;6356;6396;6339;6363;6376;6368;6352;6284;6402;6391;6340;6403;6373;6385;6389;6378;6383;6392;6387;6372;6337;6379;6347;6381;6408;6374;6399;6415;6358;6380;6390;6410;6384;6404;6447;6382;6375;6327;6398;6388;6394;6361;6370;6355;5051;5579;6353;4792;5357;5216;5629;5676;6360;6344;6336;5672;5185;5291;6326;4864;5212;5007;5686;5685;4903;4899;4472;5521;5645;5627;6309;6346;6351;6348;6349;4768
vater;Дирижёр;Десерт;Куратор;Торлекс;Торлекс;Десерт;Куратор;Лоскано;Торлекс;Кефир;Кефир;Пуфаген;Десерт;Шафран;ХЕЙЗЕНБЕРГ;Кефир;Куратор;Лоскано;Десерт;Лоскано;Десерт;Торлекс;Кефир;Пуфаген;Кефир;Торлекс;Дирижёр;Пуфаген;Пуфаген;Десерт;Кефир;Десерт;Десерт;Кефир;Кефир;Милорд;Десерт;Кефир;Куратор;ХЕЙЗЕНБЕРГ;Лоскано;Пуфаген;Лоскано;Десерт;Лоскано;Пуфаген;Десерт;Кефир;Лоскано;Кефир;Кефир;Куратор;Кефир;Кефир;;;Куратор;;;;;;Кефир;Кефир;Кефир;;;;Эклибрис;;;;;;;;;;;;Кефир;Десерт;Десерт;Кефир;Кефир;
number_vater;866;50;14244;3372308246;3372308246;50;14244;107359040;3372308246;227;227;3372308292;50;3372307546;3014365213;227;14244;107359040;50;107359040;50;3372308246;227;3372308292;227;3372308246;866;3372308292;3372308292;50;227;50;50;227;227;417;50;227;14244;3014365213;107359040;3372308292;107359040;50;107359040;3372308292;50;227;107359040;227;227;14244;227;227;;;14244;;;;;;227;227;227;;;;3372307657;;;;;;;;;;;;227;50;50;227;227;
BM1818;262/262;264/266;262/266;262/262;262/266;266/266;262/262;262/266;262/262;262/262;262/266;266/266;262/262;266/268;264/266;262/262;266/266;260/262;266/266;262/266;262/262;262/262;266/266;262/266;262/262;262/262;260/266;262/262;262/262;262/264;262/270;262/266;266/266;262/262;260/262;262/262;262/266;262/266;262/262;262/264;260/262;262/266;262/262;262/266;262/266;262/266;262/266;262/266;262/266;262/266;262/262;266/266;262/266;262/262;262/262;262/262;262/262;262/266;262/266;262/262;262/266;262/266;260/262;262/266;262/262;262/262;266/266;262/266;262/266;262/262;266/266;262/266;262/264;262/266;264/266;262/262;260/262;262/266;262/266;262/264;262/266;266/266;262/266;262/262;262/262;266/266
BM1824;182/182;178/180;180/180;178/182;178/178;182/188;182/182;178/178;178/178;180/180;180/188;182/182;178/182;180/188;180/182;178/188;180/182;178/182;178/178;178/182;178/188;178/182;180/188;182/188;178/188;178/188;182/182;188/188;188/188;182/182;178/180;180/182;182/182;188/188;182/188;180/188;182/188;180/180;182/182;180/182;178/182;180/188;178/178;182/188;178/188;188/188;178/182;180/188;178/178;180/182;180/188;182/188;188/188;180/182;178/188;178/188;180/180;180/188;178/182;182/188;182/188;178/182;180/182;180/182;178/180;180/180;178/180;178/182;180/182;178/188;180/180;178/182;178/188;180/188;178/182;188/188;178/182;178/180;178/188;188/188;188/188;182/182;178/188;178/180;178/180;178/182
BM2113;125/137;135/137;125/127;135/135;125/135;135/137;125/127;125/135;127/135;135/139;127/139;127/127;135/137;125/135;125/135;135/139;127/135;125/135;135/137;135/135;127/135;135/135;133/135;125/127;125/139;135/135;127/137;135/135;125/125;125/137;127/137;127/135;127/127;127/135;127/135;135/139;127/137;133/139;127/127;125/127;127/135;125/135;135/135;125/137;125/135;125/135;127/127;125/139;135/135;127/139;127/135;125/127;127/139;135/139;135/135;135/137;127/127;125/135;127/135;135/135;125/135;127/139;127/135;127/139;135/139;125/127;127/127;135/139;125/135;135/139;133/135;127/135;125/133;135/135;125/135;125/135;135/135;125/139;127/135;125/135;125/139;127/127;125/127;127/135;127/135;125/127
CSRM60;92/92;102/102;96/100;102/102;102/102;92/102;98/100;96/102;96/102;92/98;92/102;100/102;92/102;102/102;92/96;92/102;100/102;102/102;92/102;96/100;102/102;100/102;92/102;98/102;92/102;100/102;92/102;102/102;98/102;98/102;92/100;102/102;98/102;92/102;92/102;92/98;102/102;92/92;92/96;96/102;102/102;92/102;92/96;92/102;92/102;92/102;100/102;92/96;98/102;92/102;92/102;96/102;92/102;92/102;92/102;92/98;100/102;102/102;98/102;92/102;98/102;102/102;92/98;92/102;92/92;100/102;102/102;98/102;92/98;92/102;92/100;98/102;98/102;92/102;102/102;100/102;102/102;92/102;96/100;92/102;92/92;98/102;98/102;92/102;92/102;92/102
CSSM66;183/185;189/189;179/189;185/185;183/185;183/189;179/185;185/189;185/193;189/189;189/189;179/189;187/193;189/189;183/197;189/189;187/189;183/185;189/189;185/193;183/189;185/191;183/193;179/183;187/189;179/185;183/183;179/193;189/189;189/193;189/189;185/189;187/193;185/189;189/189;183/189;185/189;183/189;179/187;183/197;185/185;189/189;183/189;185/193;183/189;179/185;189/189;189/189;183/193;185/189;189/189;179/183;187/189;189/189;183/185;185/185;179/185;185/189;187/189;185/189;181/185;183/189;189/189;189/193;189/189;189/189;189/193;185/189;187/193;185/189;183/193;183/193;189/193;185/193;189/193;183/189;187/189;183/193;183/193;187/193;189/189;187/193;189/193;185/187;185/189;183/185
CYP21;-;-;-;-;-;-;-;-;-;-;-;-;-;-;-;-;-;-;-;-;-;-;-;-;-;-;-;-;-;-;-;-;-;-;-;-;-;-;-;-;-;-;-;-;-;-;-;-;-;-;-;-;-;-;-;-;-;-;-;-;-;-;-;-;-;-;-;-;-;-;-;-;-;-;-;-;-;-;-;-;-;-;-;-;-;-
ETH10;217/219;219/223;219/219;217/217;217/219;217/219;219/225;217/219;217/219;217/225;219/225;219/219;219/219;213/219;219/225;219/225;219/219;217/219;219/219;209/217;217/219;219/219;219/219;209/219;219/225;217/219;213/219;219/219;219/219;219/219;213/225;219/223;209/219;219/225;217/225;219/225;219/219;219/225;219/219;219/219;217/219;219/219;217/219;219/219;217/219;217/219;219/219;219/225;217/219;219/225;219/225;217/219;219/225;219/225;213/219;219/219;213/219;223/225;219/219;217/219;219/225;219/219;217/225;223/225;219/225;219/223;219/219;217/223;213/219;219/219;219/219;209/219;217/219;217/221;219/219;217/225;217/219;217/219;217/219;213/219;219/225;209/219;219/219;217/225;217/225;219/219
ETH225;148/148;140/148;144/150;148/148;148/150;140/148;144/150;142/146;148/150;150/150;150/150;148/150;140/140;148/152;140/144;142/148;148/150;146/148;140/140;140/148;148/150;148/150;148/148;148/150;148/150;150/150;148/148;150/150;140/148;148/148;142/148;140/150;140/148;148/150;140/142;148/150;140/140;142/150;148/150;140/148;146/152;150/150;146/148;140/140;140/146;140/150;148/148;142/148;140/148;150/152;142/144;144/150;142/150;142/150;140/148;144/148;148/150;140/150;148/148;148/150;144/148;140/148;140/150;148/150;142/150;144/148;150/150;148/150;148/150;140/148;150/150;148/148;148/148;150/150;148/148;140/150;140/148;148/150;148/150;148/150;150/150;140/148;148/150;142/148;142/148;150/152
ETH3;127/127;117/117;117/129;117/117;117/117;129/129;121/129;117/129;117/117;127/127;117/117;117/129;117/129;117/129;117/117;117/129;129/129;127/129;117/117;129/129;129/129;117/117;117/117;117/127;117/127;117/117;127/129;117/117;117/117;117/125;117/125;129/129;125/129;117/125;127/129;117/125;117/117;117/127;129/129;117/117;117/129;127/129;117/125;117/129;129/129;127/129;117/117;117/127;117/125;117/127;117/125;117/129;117/125;125/127;125/129;117/127;127/129;117/129;117/129;117/125;117/121;117/117;127/127;117/127;117/127;117/117;117/125;117/127;125/125;117/125;117/127;121/125;117/129;117/127;125/129;117/129;127/129;117/117;117/129;117/117;117/129;125/129;129/129;125/127;125/127;117/125
ILSTS6;288/288;288/294;294/296;292/294;294/294;294/294;294/296;288/294;294/294;288/294;288/294;294/296;288/294;288/294;286/288;288/288;294/296;288/290;292/294;288/294;288/294;294/294;292/294;288/294;288/294;294/294;288/292;292/294;288/294;288/294;292/294;288/294;288/294;292/294;288/292;294/294;288/288;294/294;292/296;294/294;288/296;294/294;288/292;288/292;288/292;288/294;288/294;292/294;288/294;288/292;286/288;294/296;294/294;288/294;292/294;294/294;294/296;288/296;288/294;288/288;294/294;294/294;288/294;288/294;288/288;288/294;294/294;292/294;288/288;292/294;294/294;294/294;288/294;288/294;294/294;292/294;292/294;292/294;288/294;292/294;294/294;288/294;292/294;294/294;294/294;292/294
INRA023;;;;;;;;;;;;;;;;;;;;;;;;;;;;;;;;;;;;;;;;;;;;;;;;;;;;;;;;;;;;;;;;;;;;;;;;;;;;;;;;;;;;;;
RM067;-;-;-;-;-;-;-;-;-;-;-;-;-;-;-;-;-;-;-;-;-;-;-;-;-;-;-;-;-;-;-;-;-;-;-;-;-;-;-;-;-;-;-;-;-;-;-;-;-;-;-;-;-;-;-;-;-;-;-;-;-;-;-;-;-;-;-;-;-;-;-;-;-;-;-;-;-;-;-;-;-;-;-;-;-;-
SPS115;248/252;248/252;248/252;248/260;248/260;248/254;248/248;248/254;248/260;248/252;248/256;248/248;248/252;256/260;248/248;248/248;248/248;248/248;248/252;248/260;252/254;248/260;248/254;248/248;248/252;248/252;248/252;248/248;248/248;254/260;248/252;252/254;248/256;248/248;248/248;248/248;248/254;248/248;252/256;248/248;248/248;248/252;248/248;248/260;248/248;248/248;248/248;248/248;248/248;248/248;248/248;248/256;248/248;248/248;248/248;248/248;248/248;248/252;248/248;248/248;248/248;248/252;248/248;248/248;248/252;248/252;248/256;248/248;248/252;248/252;248/248;248/254;248/248;248/248;258/260;248/252;248/248;248/256;248/252;248/248;248/248;248/256;248/260;248/252;248/252;248/248
TGLA122;143/149;163/183;163/171;149/161;149/163;149/163;153/183;149/161;161/171;149/183;153/163;171/183;161/163;143/163;149/153;143/183;149/171;153/161;161/163;143/143;149/163;143/161;143/149;143/143;149/163;149/163;151/183;149/183;143/149;163/169;149/183;143/163;149/163;151/163;143/163;163/183;151/163;143/183;149/171;149/151;149/161;143/149;143/149;143/163;143/161;143/143;143/163;163/171;143/167;143/163;153/163;161/171;161/163;149/163;151/151;149/161;163/183;143/171;149/149;143/149;153/161;149/151;149/183;169/183;149/183;149/163;153/161;143/149;143/143;149/169;143/153;149/167;149/149;143/143;149/169;149/149;143/149;143/149;149/171;149/183;151/183;149/163;149/163;143/163;143/163;143/153
TGLA126;121/121;117/117;115/117;117/121;117/117;117/117;115/115;115/119;115/117;117/117;117/117;115/115;117/117;117/117;115/115;117/121;115/115;115/117;117/117;115/119;115/117;115/117;115/115;117/121;117/123;117/121;115/121;117/117;117/121;115/117;117/117;115/117;117/117;115/117;115/117;117/123;115/117;117/117;115/115;115/117;115/119;117/117;115/117;117/117;117/117;115/117;117/123;117/117;115/117;117/117;117/117;115/117;115/117;117/117;115/117;115/121;115/115;115/115;115/117;117/121;115/115;117/117;117/117;117/123;115/117;117/121;115/117;121/121;115/119;115/115;117/123;115/117;117/121;115/117;115/117;115/115;115/115;115/117;115/115;115/117;117/117;117/117;117/117;115/117;115/117;117/117
TGLA227;83/97;83/91;89/97;81/91;81/91;83/89;89/89;89/91;81/91;81/97;83/91;89/89;83/89;87/97;97/97;97/97;81/97;81/89;81/87;87/89;81/87;81/97;91/97;81/89;81/97;81/97;97/97;89/91;89/91;81/83;83/91;83/103;87/97;83/97;81/97;83/103;87/91;83/91;89/89;87/89;83/89;89/103;89/89;87/91;83/89;91/97;81/83;89/97;81/89;91/97;83/89;81/89;89/97;83/97;97/97;97/97;89/97;97/103;81/97;97/103;89/97;87/89;89/97;77/83;83/97;89/89;91/97;81/91;89/89;89/103;81/91;81/81;91/103;81/97;81/81;81/97;81/97;81/91;89/91;83/91;97/97;87/97;81/87;83/97;83/97;89/91
TGLA53;168/176;158/186;162/176;158/168;160/160;158/186;162/162;160/186;154/160;176/186;176/186;160/186;160/176;160/186;162/168;160/176;160/166;160/186;168/176;162/176;162/176;160/168;160/160;162/168;162/168;154/168;168/168;168/176;168/176;160/176;162/176;176/186;160/186;158/162;160/162;154/176;168/186;162/186;160/162;160/168;158/160;160/162;160/176;154/176;162/168;160/176;168/176;176/176;162/186;176/186;170/176;160/162;158/162;160/176;158/168;158/160;160/162;158/176;160/166;160/186;160/162;160/160;160/176;160/162;162/186;176/186;162/186;158/160;158/160;160/176;158/186;162/186;162/176;160/176;160/186;160/162;160/186;160/160;154/160;160/176;162/176;160/186;176/186;162/162;162/162;160/166
MGTG4B;-;-;-;-;-;-;-;-;-;-;-;-;-;-;-;-;-;-;-;-;-;-;-;-;-;-;-;-;-;-;-;-;-;-;-;-;-;-;-;-;-;-;-;-;-;-;-;-;-;-;-;-;-;-;-;-;-;-;-;-;-;-;-;-;-;-;-;-;-;-;-;-;-;-;-;-;-;-;-;-;-;-;-;-;-;-
SPS113;-;-;-;-;-;-;-;-;-;-;-;-;-;-;-;-;-;-;-;-;-;-;-;-;-;-;-;-;-;-;-;-;-;-;-;-;-;-;-;-;-;-;-;-;-;-;-;-;-;-;-;-;-;-;-;-;-;-;-;-;-;-;-;-;-;-;-;-;-;-;-;-;-;-;-;-;-;-;-;-;-;-;-;-;-;-
