Sample Name;Eth3 1;Eth3 2;Cssm66 1;Cssm66 2;inra23 1;inra23 2;BM1818 1;BM1818 2;ilsts6 1;ilsts6 2;Tgla227 1;Tgla227 2;Tgla126 1;Tgla126 2;Tgla122 1;Tgla122 2;Sps115 1;Sps115 2;Eth225 1;Eth225 2;Tgla53 1;Tgla53 2;Csrm60 1;Csrm60 2;Bm2113 1;Bm2113 2;Bm1824 1;Bm1824 2;Eth10 1;Eth10 2
kpc-40-1;129;129;189;189;206;206;262;262;294;296;91;97;115;117;151;171;248;248;150;152;176;186;96;102;127;137;178;182;209;217
kpc-40-5;117;129;179;189;202;210;266;266;292;294;81;97;117;117;151;161;248;248;148;150;154;160;96;98;127;127;188;188;217;223
kpc-40-6;43543536;364565;43543536;364565;43543536;364565;364565;364565;364565;43543536;364565;43543536;364565;364565;364565;364565;43543536;364565;43543536;364565;364565;364565;364565;43543536;364565;43543536;364565;364565;364565;364565
kpc-40-7;121;129;181;189;210;214;264;266;292;294;81;91;117;117;151;163;248;248;148;150;154;160;98;102;127;139;188;188;219;223
kpc-40-8;121;54;45;189;210;4;4;4;292;294;81;91;117;117;151;163;248;248;148;150;154;160;98;102;127;139;188;188;219;223
kpc-40-9;43543536;364565;43543536;364565;43543536;364565;364565;364565;364565;43543536;364565;43543536;364565;364565;364565;364565;43543536;364565;43543536;364565;364565;364565;364565;43543536;364565;43543536;364565;364565;364565;364565
kpc-40-10;121;129;181;189;210;214;264;266;292;294;81;91;117;117;151;163;248;248;148;150;154;160;98;102;127;139;188;188;219;223
kpc-40-11;121;54;45;189;210;4;4;4;292;294;81;91;117;117;151;163;248;248;148;150;154;160;98;102;127;139;188;188;219;223
kpc-40-2;117;129;179;189;202;210;266;266;292;294;81;97;117;117;151;161;248;248;148;150;154;160;96;98;127;127;188;188;217;223
kpc-40-3;43543536;364565;43543536;364565;43543536;364565;364565;364565;364565;43543536;364565;43543536;364565;364565;364565;364565;43543536;364565;43543536;364565;364565;364565;364565;43543536;364565;43543536;364565;364565;364565;364565
kpc-40-4;121;129;181;189;210;214;264;266;292;294;81;91;117;117;151;163;248;248;148;150;154;160;98;102;127;139;188;188;219;223
