Номер;Имя;Хозяйство;BM1818;BM1824;BM2113;CSRM60;CSSM66;CYP21;ETH10;ETH225;ETH3;ILSTS006;INRA023;RM067;SPS115;TGLA122;TGLA126;TGLA227;TGLA53;MGTG4B;SPS113
3711503747;Знатный;Устюгмолоко;-;178/178 ;125/135 ;-;-;-;209/219 ;140/148 ;117/121 ;-;206/210 ;-;252/256 ;143/151 ;115/121 ;89/97 ;162/172 ;-;-
74345967;Аутсайдерс;Устюгмолоко;262/266 ;178/178 ;127/135 ;-;-;189/210 ;223/223 ;148/150 ;129/129 ;-;214/214 ;90/92 ;248/252 ;149/163 ;117/117 ;89/91 ;158/168 ;135/141 ;147/147 
3711503747;Знатный;Устюгмолоко;-;178/178 ;125/135 ;-;-;-;209/219 ;140/148 ;117/121 ;-;206/210 ;-;252/256 ;143/151 ;115/121 ;89/97 ;162/172 ;-;-
3711503747;Знатный;Устюгмолоко;-;178/178 ;125/135 ;-;-;-;209/219 ;140/148 ;117/121 ;-;206/210 ;-;252/256 ;143/151 ;115/121 ;89/97 ;162/172 ;-;-
3711503747;Знатный;Устюгмолоко;-;178/178 ;125/135 ;-;-;-;209/219 ;140/148 ;117/121 ;-;206/210 ;-;252/256 ;143/151 ;115/121 ;89/97 ;162/172 ;-;-
3372308246;Торлекс;Устюгмолоко;262/262 ;178/178 ;135/135 ;-;-;-;217/219 ;148/150 ;117/117 ;-;210/210 ;-;248/260 ;161/163 ;117/117 ;81/91 ;160/168 ;-;-
74345967;Аутсайдерс;Устюгмолоко;262/266 ;178/178 ;127/135 ;-;-;189/210 ;223/223 ;148/150 ;129/129 ;-;214/214 ;90/92 ;248/252 ;149/163 ;117/117 ;89/91 ;158/168 ;135/141 ;147/147 
3711503747;Знатный;Устюгмолоко;-;178/178 ;125/135 ;-;-;-;209/219 ;140/148 ;117/121 ;-;206/210 ;-;252/256 ;143/151 ;115/121 ;89/97 ;162/172 ;-;-
3136176263;Нерд;Устюгмолоко;262/266 ;178/188 ;125/139 ;-;-;189/200 ;219/219 ;148/148 ;117/117 ;-;214/214 ;92/92 ;248/252 ;163/163 ;115/212 ;91/97 ;160/168 ;135/141 ;141/155 
3372308246;Торлекс;Устюгмолоко;262/262 ;178/178 ;135/135 ;-;-;-;217/219 ;148/150 ;117/117 ;-;210/210 ;-;248/260 ;161/163 ;117/117 ;81/91 ;160/168 ;-;-
3372308246;Торлекс;Устюгмолоко;262/262 ;178/178 ;135/135 ;-;-;-;217/219 ;148/150 ;117/117 ;-;210/210 ;-;248/260 ;161/163 ;117/117 ;81/91 ;160/168 ;-;-
3127565622;Ментол;Устюгмолоко;262/266 ;188/188 ;135/135 ;-;-;189/198 ;209/225 ;144/150 ;117/117 ;-;202/214 ;92/92 ;248/260 ;163/163 ;117/177 ;87/97 ;158/168 ;135/145 ;147/151 
3136176263;Нерд;Устюгмолоко;262/266 ;178/188 ;125/139 ;-;-;189/200 ;219/219 ;148/148 ;117/117 ;-;214/214 ;92/92 ;248/252 ;163/163 ;115/212 ;91/97 ;160/168 ;135/141 ;141/155 
708569700673;Америнд;Устюгмолоко;262/266 ;178/0 ;135/137 ;98/102 ;183/189 ;-;209/225 ;148/150 ;129/0 ;-;206/214 ;-;248/0 ;143/163 ;115/117 ;87/91 ;162/186 ;-;-
71618865;МВП;Устюгмолоко;262/266 ;188/188 ;127/139 ;-;-;198/210 ;219/223 ;148/148 ;127/129 ;-;210/214 ;92/92 ;248/252 ;163/163 ;115/117 ;91/99 ;162/168 ;135/141 ;141/151 
3711503747;Знатный;Устюгмолоко;-;178/178 ;125/135 ;-;-;-;209/219 ;140/148 ;117/121 ;-;206/210 ;-;252/256 ;143/151 ;115/121 ;89/97 ;162/172 ;-;-
3130010488;МАКСФЛИ 13243;Устюгмолоко;266/266 ;178/188 ;125/135 ;-;-;200/210 ;225/225 ;148/150 ;117/117 ;-;200/214 ;90/90 ;248/252 ;143/151 ;115/117 ;81/89 ;184/186 ;135/141 ;151/155 
3711503747;Знатный;Устюгмолоко;-;178/178 ;125/135 ;-;-;-;209/219 ;140/148 ;117/121 ;-;206/210 ;-;252/256 ;143/151 ;115/121 ;89/97 ;162/172 ;-;-
708569700673;Америнд;Устюгмолоко;262/266 ;178/0 ;135/137 ;98/102 ;183/189 ;-;209/225 ;148/150 ;129/0 ;-;206/214 ;-;248/0 ;143/163 ;115/117 ;87/91 ;162/186 ;-;-
71090714;МУКИ;Устюгмолоко;262/262 ;178/180 ;125/127 ;-;-;187/189 ;209/217 ;148/150 ;117/129 ;-;206/214 ;90/92 ;248/252 ;151/163 ;115/117 ;91/97 ;168/186 ;135/141 ;151/151 
5442;Версаль;Устюгмолоко;262/266 ;188/188 ;127/135 ;-;-;-;219/219 ;148/148 ;129/129 ;-;202/214 ;-;248/248 ;163/163 ;117/117 ;83/89 ;162/186 ;-;-
3125191993;Хоумбрю;Устюгмолоко;262/266 ;178/188 ;127/139 ;-;-;189/198 ;219/223 ;150/150 ;117/129 ;-;210/214 ;90/92 ;248/252 ;163/163 ;115/117 ;83/91 ;162/168 ;135/135 ;147/151 
3711503747;Знатный;Устюгмолоко;-;178/178 ;125/135 ;-;-;-;209/219 ;140/148 ;117/121 ;-;206/210 ;-;252/256 ;143/151 ;115/121 ;89/97 ;162/172 ;-;-
3711503747;Знатный;Устюгмолоко;-;178/178 ;125/135 ;-;-;-;209/219 ;140/148 ;117/121 ;-;206/210 ;-;252/256 ;143/151 ;115/121 ;89/97 ;162/172 ;-;-
5442;Версаль;Устюгмолоко;262/266 ;188/188 ;127/135 ;-;-;-;219/219 ;148/148 ;129/129 ;-;202/214 ;-;248/248 ;163/163 ;117/117 ;83/89 ;162/186 ;-;-
3711503747;Знатный;Устюгмолоко;-;178/178 ;125/135 ;-;-;-;209/219 ;140/148 ;117/121 ;-;206/210 ;-;252/256 ;143/151 ;115/121 ;89/97 ;162/172 ;-;-
3127565622;Ментол;Устюгмолоко;262/266 ;188/188 ;135/135 ;-;-;189/198 ;209/225 ;144/150 ;117/117 ;-;202/214 ;92/92 ;248/260 ;163/163 ;117/177 ;87/97 ;158/168 ;135/145 ;147/151 
71618865;МВП;Устюгмолоко;262/266 ;188/188 ;127/139 ;-;-;198/210 ;219/223 ;148/148 ;127/129 ;-;210/214 ;92/92 ;248/252 ;163/163 ;115/117 ;91/99 ;162/168 ;135/141 ;141/151 
3711503747;Знатный;Устюгмолоко;-;178/178 ;125/135 ;-;-;-;209/219 ;140/148 ;117/121 ;-;206/210 ;-;252/256 ;143/151 ;115/121 ;89/97 ;162/172 ;-;-
98116;Метку;Устюгмолоко;266/266 ;178/188 ;125/125 ;-;-;-;209/219 ;148/148 ;-;-;210/214 ;-;248/256 ;151/171 ;121/121 ;83/87 ;158/166 ;-;-
3132991976;АльтаНИТРО;Устюгмолоко;264/266 ;178/188 ;135/139 ;-;-;189/189 ;219/223 ;140/150 ;117/127 ;-;202/210 ;92/94 ;248/248 ;163/183 ;117/117 ;89/97 ;158/184 ;135/141 ;141/151 
284;Багет;Устюгмолоко;262/262 ;178/180 ;125/139 ;-;-;-;217/219 ;148/152 ;-;-;200/214 ;-;248/248 ;149/163 ;117/117 ;89/97 ;160/168 ;-;-
3711503747;Знатный;Устюгмолоко;-;178/178 ;125/135 ;-;-;-;209/219 ;140/148 ;117/121 ;-;206/210 ;-;252/256 ;143/151 ;115/121 ;89/97 ;162/172 ;-;-
866;Дирижёр;Устюгмолоко;262/266 ;182/182 ;135/137 ;-;-;-;219/219 ;148/148 ;-;-;206/214 ;-;248/252 ;143/183 ;115/121 ;97/97 ;168/168 ;-;-
866;Дирижёр;Устюгмолоко;262/266 ;182/182 ;135/137 ;-;-;-;219/219 ;148/148 ;-;-;206/214 ;-;248/252 ;143/183 ;115/121 ;97/97 ;168/168 ;-;-
597;Брюс;Устюгмолоко;266/266 ;178/182 ;125/133 ;96/102 ;183/189 ;-;219/219 ;150/150 ;117/127 ;288/294 ;202/208 ;-;252/252 ;143/163 ;117/117 ;87/97 ;162/168 ;-;-
866;Дирижёр;Устюгмолоко;262/266 ;182/182 ;135/137 ;-;-;-;219/219 ;148/148 ;-;-;206/214 ;-;248/252 ;143/183 ;115/121 ;97/97 ;168/168 ;-;-
866;Дирижёр;Устюгмолоко;262/266 ;182/182 ;135/137 ;-;-;-;219/219 ;148/148 ;-;-;206/214 ;-;248/252 ;143/183 ;115/121 ;97/97 ;168/168 ;-;-
866;Дирижёр;Устюгмолоко;262/266 ;182/182 ;135/137 ;-;-;-;219/219 ;148/148 ;-;-;206/214 ;-;248/252 ;143/183 ;115/121 ;97/97 ;168/168 ;-;-
3132991976;АльтаНИТРО;Устюгмолоко;264/266 ;178/188 ;135/139 ;-;-;189/189 ;219/223 ;140/150 ;117/127 ;-;202/210 ;92/94 ;248/248 ;163/183 ;117/117 ;89/97 ;158/184 ;135/141 ;141/151 
5442;Версаль;Устюгмолоко;262/266 ;188/188 ;127/135 ;-;-;-;219/219 ;148/148 ;129/129 ;-;202/214 ;-;248/248 ;163/163 ;117/117 ;83/89 ;162/186 ;-;-
597;Брюс;Устюгмолоко;266/266 ;178/182 ;125/133 ;96/102 ;183/189 ;-;219/219 ;150/150 ;117/127 ;288/294 ;202/208 ;-;252/252 ;143/163 ;117/117 ;87/97 ;162/168 ;-;-
340933203938;Фокс;Устюгмолоко;262/0 ;180/188 ;135/139 ;96/102 ;185/189 ;-;219/0 ;140/0 ;117/129 ;292/294 ;210/214 ;-;-;143/163 ;117/0 ;87/89 ;160/162 ;-;-
73709027;Колюд;Устюгмолоко;262/262 ;180/188 ;125/135 ;-;-;189/198 ;219/223 ;148/150 ;117/129 ;-;202/206 ;92/92 ;252/260 ;143/149 ;115/117 ;91/97 ;162/176 ;135/141 ;141/151 
866;Дирижёр;Устюгмолоко;262/266 ;182/182 ;135/137 ;-;-;-;219/219 ;148/148 ;-;-;206/214 ;-;248/252 ;143/183 ;115/121 ;97/97 ;168/168 ;-;-
866;Дирижёр;Устюгмолоко;262/266 ;182/182 ;135/137 ;-;-;-;219/219 ;148/148 ;-;-;206/214 ;-;248/252 ;143/183 ;115/121 ;97/97 ;168/168 ;-;-
3372308246;Торлекс;Устюгмолоко;262/262 ;178/178 ;135/135 ;-;-;-;217/219 ;148/150 ;117/117 ;-;210/210 ;-;248/260 ;161/163 ;117/117 ;81/91;160/168 ;-;-
106739810;Лаутастар;Устюгмолоко;264/268 ;180/180 ;125/127 ;-;-;-;217/219 ;148/148 ;-;-;210/210 ;-;248/256 ;149/161 ;115/117 ;87/91 ;162/162 ;-;-
11011994;Чадвик;Устюгмолоко;262/268 ;182/188 ;135/139 ;-;-;-;219/225 ;148/148 ;0/0 ;-;206/214 ;-;248/252 ;149/161 ;-;89/93 ;-;-;-
11720490;Роксет;Устюгмолоко;262/266 ;188/188 ;125/125 ;-;-;-;219/225 ;146/150 ;117/129 ;-;202/206 ;-;252/260 ;161/163 ;115/117 ;91/97 ;160/168 ;-;-
98118;Мелли;Устюгмолоко;266/266 ;178/188 ;135/137 ;96/100 ;185/187 ;-;219/219 ;140/150 ;117/123 ;294/294 ;202/210 ;-;248/252 ;143/143 ;117/117 ;89/97 ;160/168 ;-;-
106739810;Лаутастар;Устюгмолоко;264/268 ;180/180 ;125/127 ;-;-;-;217/219 ;148/148 ;-;-;210/210 ;-;248/256 ;149/161 ;115/117 ;87/91 ;162/162 ;-;-
12021533;Монреаль;Устюгмолоко;262/262 ;188/188 ;125/127 ;-;-;-;217/225 ;150/152 ;-;-;210/214 ;-;248/248 ;163/163 ;115/117 ;89/89 ;160/176 ;-;-
12021476;Эверест;Устюгмолоко;266/268 ;188/188 ;135/135 ;-;-;-;219/225 ;140/150 ;129/129 ;-;214/214 ;-;248/248 ;143/149 ;115/117 ;104/104 ;158/158 ;-;-
12021533;Монреаль;Устюгмолоко;262/262 ;188/188 ;125/127 ;-;-;-;217/225 ;150/152 ;-;-;210/214 ;-;248/248 ;163/163 ;115/117 ;89/89 ;160/176 ;-;-
106739810;Лаутастар;Устюгмолоко;264/268 ;180/180 ;125/127 ;-;-;-;217/219 ;148/148 ;-;-;210/210 ;-;248/256 ;149/161 ;115/117 ;87/91 ;162/162 ;-;-
11011994;Чадвик;Устюгмолоко;262/268 ;182/188 ;135/139 ;-;-;-;219/225 ;148/148 ;0/0 ;-;206/214 ;-;248/252 ;149/161 ;-;89/93 ;-;-;-
107966005;Айксаэр;Устюгмолоко;262/266 ;188/188 ;135/139 ;-;-;-;219/223 ;140/148 ;-;-;202/210 ;-;248/248 ;143/183 ;117/117 ;89/89 ;154/184 ;-;-
11471420;Клейк;Устюгмолоко;266/266 ;178/178 ;125/127 ;-;-;-;209/223 ;148/150 ;117/129 ;-;200/202 ;-;248/252 ;143/161 ;117/117 ;81/91 ;160/168 ;-;-
11011994;Чадвик;Устюгмолоко;262/268 ;182/188 ;135/139 ;-;-;-;219/225 ;148/148 ;0/0 ;-;206/214 ;-;248/252 ;149/161 ;-;89/93 ;-;-;-
168;Медоф;Устюгмолоко;266/266 ;178/188 ;135/135 ;-;-;-;219/223 ;148/148 ;-;-;206/214 ;-;248/256 ;149/183 ;117/119 ;79/89 ;160/176 ;-;-
11471420;Клейк;Устюгмолоко;266/266 ;178/178 ;125/127 ;-;-;-;209/223 ;148/150 ;117/129 ;-;200/202 ;-;248/252 ;143/161 ;117/117 ;81/91 ;160/168 ;-;-
869443343;Бурберри;Устюгмолоко;262/266 ;178/188 ;133/135 ;100/102 ;189/189 ;-;219/225 ;148/150 ;117/129 ;-;206/214 ;-;248/248 ;161/163 ;115/117 ;89/99 ;160/162 ;-;-
869443437;Канзас;Устюгмолоко;266/266 ;188/188 ;125/139 ;92/102 ;189/189 ;-;209/225 ;144/148 ;129/129 ;-;206/210 ;-;248/248 ;161/163 ;115/117 ;89/89 ;160/160 ;-;-
11218183;Сноу;Устюгмолоко;262/266 ;188/188 ;135/135 ;-;-;-;209/225 ;140/150 ;0/0 ;-;202/214 ;-;248/248 ;143/183 ;-;87/97 ;-;-;-
12021533;Монреаль;Устюгмолоко;262/262 ;188/188 ;125/127 ;-;-;-;217/225 ;150/152 ;-;-;210/214 ;-;248/248 ;163/163 ;115/117 ;89/89 ;160/176 ;-;-
4240504570;Мореас;Устюгмолоко;-;178/178 ;125/135 ;-;-;-;219/223 ;140/150 ;117/129 ;-;206/206 ;-;-;143/143 ;115/121 ;89/97 ;160/160 ;-;248/248 
12021533;Монреаль;Устюгмолоко;262/262 ;188/188 ;125/127 ;-;-;-;217/225 ;150/152 ;-;-;210/214 ;-;248/248 ;163/163 ;115/117 ;89/89 ;160/176 ;-;-
11397813;Боно;Устюгмолоко;262/268 ;188/188 ;125/125 ;-;-;-;217/217 ;148/150 ;-;-;210/214 ;-;248/260 ;149/161 ;115/117 ;83/91 ;162/176 ;-;-
3097402441;Мезон;Устюгмолоко;-;180/188 ;125/137 ;-;-;-;217/217 ;142/148 ;129/129 ;-;210/214 ;-;248/248 ;149/183 ;115/117 ;89/97 ;162/168 ;-;-
12021533;Монреаль;Устюгмолоко;262/262 ;188/188 ;125/127 ;-;-;-;217/225 ;150/152 ;-;-;210/214 ;-;248/248 ;163/163 ;115/117 ;89/89 ;160/176 ;-;-
98115;Милджарди;Устюгмолоко;262/264 ;180/180 ;125/135 ;-;-;-;219/219 ;148/148 ;-;-;206/214 ;-;248/260 ;149/149 ;123/123 ;81/97 ;162/186 ;-;-
3135002113;Майкес;Устюгмолоко;262/264 ;178/180 ;125/135 ;102/102 ;185/189 ;-;-;148/150 ;117/129 ;-;206/210 ;-;252/256 ;143/151 ;115/117 ;89/97 ;160/176 ;-;-
354165798;Виктор;Устюгмолоко;266/268 ;178/180 ;125/127 ;-;-;-;217/217 ;148/148 ;-;-;206/214 ;-;248/248 ;149/163 ;117/123 ;87/91 ;158/160 ;-;-
869443343;Бурберри;Устюгмолоко;262/266 ;178/188 ;133/135 ;100/102 ;189/189 ;-;219/225 ;148/150 ;117/129 ;-;206/214 ;-;248/248 ;161/163 ;115/117 ;89/99 ;160/162 ;-;-
867;Стинол;Устюгмолоко;-;-;127/137 ;-;-;-;-;146/148 ;-;-;-;-;250/256 ;149/165 ;121/123 ;81/81 ;-;-;-
869443343;Бурберри;Устюгмолоко;262/266 ;178/188 ;133/135 ;100/102 ;189/189 ;-;219/225 ;148/150 ;117/129 ;-;206/214 ;-;248/248 ;161/163 ;115/117 ;89/99 ;160/162 ;-;-
107966005;Айксаэр;Устюгмолоко;262/266 ;188/188 ;135/139 ;-;-;-;219/223 ;140/148 ;-;-;202/210 ;-;248/248 ;143/183 ;117/117 ;89/89 ;154/184 ;-;-
4240504570;Мореас;Устюгмолоко;-;178/178 ;125/135 ;-;-;-;219/223 ;140/150 ;117/129 ;-;206/206 ;-;-;143/143 ;115/121 ;89/97 ;160/160 ;-;248/248 
106739810;Лаутастар;Устюгмолоко;264/268 ;180/180 ;125/127 ;-;-;-;217/219 ;148/148 ;-;-;210/210 ;-;248/256 ;149/161 ;115/117 ;87/91 ;162/162 ;-;-
4240504570;Мореас;Устюгмолоко;-;178/178 ;125/135 ;-;-;-;219/223 ;140/150 ;117/129 ;-;206/206 ;-;-;143/143 ;115/121 ;89/97 ;160/160 ;-;248/248 
12021533;Монреаль;Устюгмолоко;262/262 ;188/188 ;125/127 ;-;-;-;217/225 ;150/152 ;-;-;210/214 ;-;248/248 ;163/163 ;115/117 ;89/89 ;160/176 ;-;-
106739810;Лаутастар;Устюгмолоко;264/268 ;180/180 ;125/127 ;-;-;-;217/219 ;148/148 ;-;-;210/210 ;-;248/256 ;149/161 ;115/117 ;87/91 ;162/162 ;-;-
12021533;Монреаль;Устюгмолоко;262/262 ;188/188 ;125/127 ;-;-;-;217/225 ;150/152 ;-;-;210/214 ;-;248/248 ;163/163 ;115/117 ;89/89 ;160/176 ;-;-
3372306913;Ландер;Устюгмолоко;266/266 ;180/188 ;125/127 ;-;-;-;209/219 ;150/150 ;117/129 ;-;202/214 ;-;248/252 ;143/163 ;117/121 ;89/91 ;160/162 ;-;-
3130010457;ДС.Торонто13212;Устюгмолоко;262/262 ;178/188 ;135/139 ;-;-;-;217/223 ;148/150 ;117/117 ;-;210/210 ;-;260/260 ;163/163 ;115/117 ;91/91;162/168 ;-;-
11011994;Чадвик;Устюгмолоко;262/268 ;182/188 ;135/139 ;-;-;-;219/225 ;148/148 ;0/0 ;-;206/214 ;-;248/252 ;149/161 ;-;89/93 ;-;-;-
536817926;Август;Устюгмолоко;262/266 ;180/188 ;135/135 ;-;-;-;209/225 ;148/150 ;-;-;202/210 ;-;248/252 ;163/163 ;115/117 ;89/89 ;160/184 ;-;-
536817926;Август;Устюгмолоко;262/266 ;180/188 ;135/135 ;-;-;-;209/225 ;148/150 ;-;-;202/210 ;-;248/252 ;163/163 ;115/117 ;89/89 ;160/184 ;-;-
536817926;Август;Устюгмолоко;262/266 ;180/188 ;135/135 ;-;-;-;209/225 ;148/150 ;-;-;202/210 ;-;248/252 ;163/163 ;115/117 ;89/89 ;160/184 ;-;-
536817926;Август;Устюгмолоко;262/266 ;180/188 ;135/135 ;-;-;-;209/225 ;148/150 ;-;-;202/210 ;-;248/252 ;163/163 ;115/117 ;89/89 ;160/184 ;-;-
354165798;Виктор;Устюгмолоко;266/268 ;178/180 ;125/127 ;-;-;-;217/217 ;148/148 ;-;-;206/214 ;-;248/248 ;149/163 ;117/123 ;87/91 ;158/160 ;-;-
11011994;Чадвик;Устюгмолоко;262/268 ;182/188 ;135/139 ;-;-;-;219/225 ;148/148 ;0/0 ;-;206/214 ;-;248/252 ;149/161 ;-;89/93 ;-;-;-
107966005;Айксаэр;Устюгмолоко;262/266 ;188/188 ;135/139 ;-;-;-;219/223 ;140/148 ;-;-;202/210 ;-;248/248 ;143/183 ;117/117 ;89/89 ;154/184 ;-;-
107966005;Айксаэр;Устюгмолоко;262/266 ;188/188 ;135/139 ;-;-;-;219/223 ;140/148 ;-;-;202/210 ;-;248/248 ;143/183 ;117/117 ;89/89 ;154/184 ;-;-
107966005;Айксаэр;Устюгмолоко;262/266 ;188/188 ;135/139 ;-;-;-;219/223 ;140/148 ;-;-;202/210 ;-;248/248 ;143/183 ;117/117 ;89/89 ;154/184 ;-;-
698;Майор;Устюгмолоко;262/266 ;182/188 ;137/137 ;100/102 ;183/185 ;-;219/219 ;140/150 ;117/119 ;288/296 ;200/214 ;-;248/252 ;161/161 ;121/121 ;85/91 ;162/186 ;-;-
3372305881;Обруч;Устюгмолоко;-;180/182 ;127/135 ;-;-;-;219/219 ;150/150 ;117/117 ;-;202/206 ;-;248/248 ;143/153 ;117/117 ;89/91 ;160/186 ;-;-
109;Банкир;Устюгмолоко;262/262 ;182/184 ;127/129 ;-;-;-;221/221 ;140/150 ;-;-;204/214 ;-;250/250 ;143/143 ;113/119 ;81/81 ;-;-;-
867;Стинол;Устюгмолоко;-;-;127/137 ;-;-;-;-;146/148 ;-;-;-;-;250/256 ;149/165 ;121/123 ;81/81 ;-;-;-
109;Банкир;Устюгмолоко;262/262 ;182/184 ;127/129 ;-;-;-;221/221 ;140/150 ;-;-;204/214 ;-;250/250 ;143/143 ;113/119 ;81/81 ;-;-;-
